Cartonaș,Răspunsuri cu cod-switching,Pondere în total (%)
C2G,2,1.9047619047619049
C6C,1,0.9523809523809524
C9C,2,1.9047619047619049
C10C,2,1.9047619047619049
